id,name,value,status,description
lc.window_hours,Window length (hours),32 dec,built-frozen,How much BSV history the client keeps. Sets the deposit deadline
lc.window,Window length (records),192 der,built-frozen,window_hours × 3600 / seconds_per_block. Bounded above by the account cap
lc.seconds_per_block,Target block spacing,600 mea,built-frozen,BSV's ten-minute target
lc.record_size,Bytes per header record,52 der,built-frozen,32 hash + 16 chainwork + 4 time. Not configurable
lc.lookback,DAA lookback (records),147 der,built-frozen,"144 + 3 for the median-of-three. Measured: 146 reproduces 0/324 headers, 147 reproduces 324/324"
lc.daa,Difficulty rule,cw-144 mea,built-frozen,The rule BSV actually uses. Verified against real mainnet headers. Hard-coded (X3)
lc.daa_clamp_low,Lower clamp,72 × 600 s mea,built-frozen,"Multiplies seconds_per_block, not the averaging window"
lc.daa_clamp_high,Upper clamp,288 × 600 s mea,built-frozen,As above
lc.floor,Confirmation depth,12 blocks built,built-frozen,"MIN_CONFIRMATIONS, fixed in code, not a runtime parameter"
lc.max_fork_batch,Headers per fork tx,12 mea,built-frozen,"Set by the 1,232-byte transaction limit"
lc.max_account_create,Solana account cap,"10,240 bytes mea",built-frozen,"A Solana limit, not a choice"
lc.cluster_id,Deployment identifier,open,open,Binds a deposit to one deployment (P11). Must differ per cluster. Not built — the code checks only that the recipient's 32 bytes appear in the OP_RETURN
lc.pow_limit_bits,Maximum target,0x1d00ffff / 0x207fffff,built-frozen,"Regtest uses 0x207fffff; mainnet 0x1d00ffff. In code as MAINNET_POW_LIMIT_BITS, with no_retargeting derived from the regtest value"
lc.max_staleness_slots,Freshness bound,"54,000 slots (~6 h) built",built-frozen,"How recent the last accepted header must be before release. A multiple of BSV block time — ~1,500 Solana slots per block. Implemented (StaleClient), untested on a local validator"
v.maturity_blocks,Maturity,0 built,built-mutable,"Staged mints wait this long before release. A stored parameter, not a constant, so governance can raise it without a redeploy. At 0 the vault is a pass-through and release/burn are a race. The designed value is 144 blocks"
v.reorg_margin,Detection margin,48 blocks at the designed values der,derived,window − maturity. Do not add floor into this subtraction. Zero at the maximum committed depth
v.escrow_close_refund,Rent refund on close,true dec,built-frozen,Closing an item returns its rent to the caller
fed.bond_mint,Mint-side bond — BSV side (the float),"1,000 BSV dec",designed,"Held outside the reserve. The bond is the float — working capital for transfers — not a capital requirement sized against the reserve, and not a capacity ceiling. The k × (BSV held) line is a solvency check on mint and exit. Held under the collective (threshold ECDSA) key, not the member's own, and seized by the members collectively; slashing pays the slashers from it. A collective action by the majority, not an automatic rule"
fed.bond_key,Mint-side bond custody,collective (threshold ECDSA) key dec,designed,"The design requirement the mechanism rests on. If a member controls their own bond they move it the moment they are caught. Residuals: a majority could seize an honest member's bond; nothing on BSV compels signing, so the duty to slash is social"
fed.bond_redeem,Redeem-side bond — solBSV side (the float),"1,000 BSV dec",designed,Seizable on Solana. This side is enforceable. Neither bond sits inside the reserve
fed.bond_size,Nominal bond size,"1,000 BSV dec",designed,Superseded by the two side-specific bonds; kept as the per-side default name
fed.total_bond,Aggregate bond (tracked),superseded,designed,The old single running total is replaced by two side-specific aggregates
fed.mint_gate,Bonds gate minting,true dec,designed,"F5. A mint is refused unless the BSV-side bond covers the BSV held after it. A solvency floor, not a capacity claim. The old total_bond ≥ k × (non_bonded_supply + amount) is superseded"
fed.bond_asset,Bond denomination,split dec,designed,"Mint side BSV, redeem side solBSV; neither inside the reserve. No price oracle is needed for either"
fed.collusion_mitigation,Against a colluding threshold,transparency dec,designed,"Stated risk, not a mechanism. No on-chain predicate proves who signed an off-chain threshold signature. The maximum loss is the whole non-member supply. Publishing the reserve and supply converts a hidden theft into a visible one; the unchallenged-spend case is separately addressed by the reported spent-outpoint record"
fed.k,Bond coverage floor,1 dec,designed,"bsv_bond ≥ k × (BSV held) and solbsv_bond ≥ k × (solBSV held), checked on mint and exit. A solvency check, not a capacity ceiling. The capacity arithmetic built on k and n/t is withdrawn. Capital inefficiency accepted"
fed.threshold,Gateway signing threshold,"4-of-N, N open",designed,"t of n for the gateway threshold ECDSA key. N is a variable; the number is arbitrary and deferred. The key emits one signature and is one leg of the reserve's 2-of-2 script. Changing t or n is a re-sharing, not a migration"
fed.greycore_size,Greycore size,open,designed,"The second signer set on the reserve script: trusted third parties, not node operators — people with reputations to lose, who do not run the reserve. The Greycore finds and admits replacement members"
fed.greycore_threshold,Greycore threshold,open,designed,"How many Greycore keys must sign alongside the gateway. The Greycore co-signs every reserve spend, which is what constrains the reserve. 4-of-5 was an earlier proposal and is not settled"
fed.shards,Shard count,open,designed,One key or several groups. Affects blast radius and latency. There is no sharding today: blast radius is 100%
fed.unbond_slots,Unbonding period,open,designed,Must exceed the redemption deadline plus the challenge window
fed.delegated_staking,Delegated staking,disabled dec,designed,"Phase 2. Lets non-members delegate solBSV to a member and share its fee. Activatable by governance, not built"
fed.script,Reserve deposit script,"2-of-2 OP_CHECKMULTISIG dec, shape accepted in code built",built-shape,"OP_2 <gateway threshold key> <greycore key> OP_2 OP_CHECKMULTISIG. Both keys must sign; the Greycore polices every reserve spend. The committed code accepts this shape: is_reserve_multisig, MAX_SCRIPT_LEN = 71, DepositScript::SPACE = 84. The keys/quorum behind it are not built"
fed.bond_enforced_on_chain,BSV-side bond seizure,collective action dec,designed,"The Solana program cannot seize the BSV-side bond; the members sign a threshold transaction. Stated as a residual, not hidden"
fed.spent_report,Spent-outpoint record (N5),"one PDA per (txid, vout), written by the program authority built",built,"report_spent records a deposit outpoint the reserve has spent; verify_deposit refuses a deposit whose outpoint is in the record. The signer is the upgrade authority — a PoC stand-in for the federation, which does not exist yet. Permanent and rent-exempt with no prune: closing a record would re-open the mint of an already-spent deposit"
gov.threshold,Pass threshold,85% ph,designed,Share of pledged coins required
gov.delay,Delay before effect,30 days ph,designed,"Reducible by governance, but never below gov.delay_min. Redemptions run throughout"
gov.delay_min,Minimum delay (floor),open (7 days proposed),designed,"F7. Both readings are defensible and the choice is open: with a floor, a majority cannot take the warning away — proposal 1 can only shorten the delay to the floor, so proposal 2 still has to be exited during it; without, the exit window is whatever the current majority allows. A judgement about trust, not a correctness question"
gov.signal,Signal from proposal,true dec,designed,Live from the moment it is raised
gov.holds_upgrade_authority,Governance owns the upgrade key,true dec,designed,"Deliberate. Nothing is immutable, so the exit window, not the rule, is the protection"
gov.authority_threshold,Checkpoint/pause authority,"federation threshold designed — in code it is the upgrade authority, one key, timelocked",designed,F4. Replaces the single deployer key. No timelock-free path to rewriting the checkpoint. Not built
gov.authority_timelock,Authority timelock,32 slots built,built-frozen,"TIMELOCK_SLOTS, a PoC value. Applied to propose_authority_change / execute_authority_change / cancel_authority_change. Must be long enough to exit"
gov.pause_threshold,Pause threshold,>50% ph,designed,"Lower than a governance change, because the power is bounded"
gov.pause_duration,Pause auto-lift,open,open,Days before a pause lapses unless renewed
fee.mint_bp,Peg-in fee (gross),30 bp dec,designed,Covers all transaction fees; the remainder is member income. Its physical location is unspecified — N1
fee.redeem_bp,Peg-out fee (gross),30 bp dec,built-frozen,As above
fee.bounty_share,Challenger bounty,open,designed,"Share of a slashed bond paid to whoever proves the misbehaviour. The burn_staged bounty is suggested, not sized, and not built"
pi.min_peg_in,Minimum deposit,1 BSV dec,designed,Prices out dust griefing. Decided; enforcement is not in code
pi.max_used,Legacy replay-list cap,200 der·superseded,superseded,"Replaced by a nullifier PDA per deposit, which is built. There is no list and no ceiling"
pi.op_return_layout,Deposit commitment,version ‖ cluster_id ‖ program_hash ‖ flags ‖ recipient dec,designed,Designed. What is built checks only that the recipient's 32 bytes appear in an OP_RETURN
po.payout_confirmations,Payout depth,6 BSV blocks built,built-frozen,BSV confirmations before a payout is provable. C_payout
po.challenge_window,Challenge window,144 BSV blocks built,built-frozen,W. Confirmations a payout needs before settling
po.deadline,Redemption deadline,"216,000 slots built",built-mutable,D. Must satisfy D ≥ payout_confirmations + challenge_window
po.cancel_grace,Cancellation grace,0 built,built-frozen,Cancellation is immediate on expiry. A grace period would only delay the exit
po.d_min,Minimum redemption,"1,000,000 base units (0.01 BSV) built",built-frozen,"Minimum redemption, so a claim's proof is worth the transaction fees to settle"
po.max_pending,Concurrent redemption cap,64 built,built-frozen,"Cap on concurrent pending redemptions, so the escrow cannot be used to make the program's per-instruction work unbounded"
m.rent_per_byte,Solana rent,"5,080 lamports/byte mea",measured,"(bytes + 128) × 5,080. The 128-byte overhead is inside this rate. 6,960 is an older toolchain's constant and overstates by ~37%. Measured: solana rent 0 = 650,240 lamports; solana rent 165 = 1,488,440"
m.signature_fee,Solana base fee,"5,000 lamports mea",measured,Per signature
m.token_decimals,solBSV decimals,8 mea,measured,—
m.blob_max,Transaction size,"1,232 bytes mea",measured,Solana limit; drives lc.max_fork_batch
